{"mse": 2.453983836538874, "_timestamp": 1686081695.7306383, "_runtime": 11.221265316009521, "_step": 0, "_wandb": {"runtime": 11}}