{"MSE": 2.452036425819758, "_timestamp": 1686084005.1065285, "_runtime": 7.274649620056152, "_step": 0, "_wandb": {"runtime": 7}}