{"MSE": 2.4493101537433657, "_timestamp": 1686084025.960556, "_runtime": 10.039212942123413, "_step": 0, "_wandb": {"runtime": 9}}