{"MSE": 2.4490224759706303, "_timestamp": 1686084048.6103952, "_runtime": 12.147070169448853, "_step": 0, "_wandb": {"runtime": 11}}