{"MSE": 2.457333758670485, "_timestamp": 1686083966.2390227, "_runtime": 5.399172782897949, "_step": 0, "_wandb": {"runtime": 5}}