{"MSE": 2.470418478987424, "_timestamp": 1686083980.2913961, "_runtime": 3.937242031097412, "_step": 0, "_wandb": {"runtime": 3}}