{"mse": 2.453983836538874, "_timestamp": 1686080387.5435052, "_runtime": 10.97140908241272, "_step": 0, "_wandb": {"runtime": 10}}